{
    "format_version": "1.16",
    "minecraft:recipe_shaped": {
        "description": {
            "identifier": "minecraft:beehive_from_bamboo_planks"
        },
        "tags": [
            "crafting_table"
        ],
        "pattern": [
            "AAA",
            "BBB",
            "AAA"
        ],
        "key": {
            "A": {
                "item": "bamboo_planks"
            },
            "B": {
                "item": "honeycomb"
            }
        },
        "result": {
            "item": "beehive",
            "count": 1
        },
        "priority": 2
    }
}
