{
    "format_version": "1.16",
    "minecraft:recipe_shaped": {
        "description": {
            "identifier": "minecraft:composter_from_bamboo_mosaic_slab"
        },
        "tags": [
            "crafting_table"
        ],
        "pattern": [
            "A A",
            "A A",
            "AAA"
        ],
        "key": {
            "A": {
                "item": "bamboo_mosaic_slab"
            }
        },
        "result": {
            "item": "composter",
            "count": 1
        },
        "priority": 2
    }
}
