{
    "format_version": "1.16",
    "minecraft:recipe_shaped": {
        "description": {
            "identifier": "minecraft:lectern_from_bamboo_mosaic_slab"
        },
        "tags": [
            "crafting_table"
        ],
        "pattern": [
            "AAA",
            " B ",
            " A "
        ],
        "key": {
            "A": {
                "item": "bamboo_mosaic_slab"
            },
            "B": {
                "item": "bookshelf"
            }
        },
        "result": {
            "item": "lectern",
            "count": 1
        },
        "priority": 2
    }
}
