{
    "format_version": "1.16",
    "minecraft:recipe_shaped": {
        "description": {
            "identifier": "minecraft:loom_from_bamboo_planks"
        },
        "tags": [
            "crafting_table"
        ],
        "pattern": [
            "AA",
            "BB"
        ],
        "key": {
            "A": {
                "item": "string"
            },
            "B": {
                "item": "bamboo_planks"
            }
        },
        "result": {
            "item": "loom",
            "count": 1
        },
        "priority": 2
    }
}
